Product Name,Product ID,Price,Sponsor,Average Rating,Review Count
"Gerber Good Start Soothe (HMO) Non-GMO Powder Infant Formula, Stage 1, 19.4 Ounce (Pack of 6)",B07N4PYLN8,$133.98,yes,4.8 out of 5 stars,427 ratings
"Enfamil Enspire Baby Formula Milk Powder & Refills, 102.5 Ounce, Omega 3 DHA, Probiotics, Immune Support",B01ASIEJ3C,$185.20,yes,4.7 out of 5 stars,293 ratings
"Gerber Good Start Soothe Non-GMO Powder Infant Formula, Stage 1, With Iron, 2’-FL HMO and Probiotics for Colic, Digestive Health and Immune System Support, 30.6 Ounce",B07N8SH932,$36.48,yes,4.8 out of 5 stars,"1,128 ratings"
"Enfamil A2 Premium Infant Formula, Milk-Based Powder with Iron 19.5 oz (Pack of 4)",B086B4NTRV,$139.90,yes,4.6 out of 5 stars,65 ratings
"Similac Pro-Advance Infant Formula with 2'-FL Human Milk Oligosaccharide (HMO) for Immune Support, Ready to Drink Bottles, 2 fl oz (48 count)",B0842YZNMM,$51.99,No,4.8 out of 5 stars,"2,463 ratings"
"Similac Pro-Advance Infant Formula with 2'-FL Human Milk Oligosaccharide (HMO) for Immune Support, Ready to Feed, 1 qt (Pack of 6)",B07D3MH4C9,$41.94,No,4.8 out of 5 stars,"1,573 ratings"
"Enfamil NeuroPro Gentlease Baby Formula Milk Powder, 19.5 Ounce",B07BXH5F3X,$27.98,No,4.8 out of 5 stars,"2,479 ratings"
"Similac Pro-Advance Infant Formula with 2'-FL Human Milk Oligosaccharide (HMO) for Immune Support, 23.2 ounces",B01KQ9DNV2,$28.98,No,4.8 out of 5 stars,"4,588 ratings"
"Similac Pro-Advance Non-GMO Infant Formula with Iron, with 2’-FL HMO, for Immune Support, Baby Formula, Powder, (One-Month Supply), 2.25 Pound (Pack of 3)",B075ZXXM84,$129.60,No,4.8 out of 5 stars,"3,924 ratings"
"Nutramigen Hypoallergenic Baby Formula From Enfamil Lactose & Milk Free Powder, 27.8 Ounce - Omega 3 DHA, Probiotics to Support Digestive Health & Immune System, Iron, Colic Relief",B07LCZ7FK4,$49.98,No,4.8 out of 5 stars,"1,084 ratings"
"Enfamil NeuroPro Baby Formula Milk Powder 20.7 oz Reusable Tub, Dual Prebiotics for Immune Support, Infant Formula Inspired by Breast Milk, Brain-building DHA & MFGM, Iron, Non-GMO",B077M4Q27K,$27.98,No,4.8 out of 5 stars,"2,952 ratings"
"Go & Grow by Similac Toddler Drink, 3 Cans, with 2’-FL HMO for Immune Support and 25 Key Nutrients to Help Balance Toddler Nutrition, Non-GMO Milk-Based Powder, 36 oz Each",B07HD7X4CM,$89.91,No,4.7 out of 5 stars,952 ratings
"Enfamil NeuroPro Baby Formula Milk Powder Refill, 31.4 ounce (Pack of 4) - MFGM, Omega 3 DHA, Probiotics, Iron & Immune Support",B077MF79H1,$142.99,No,4.9 out of 5 stars,978 ratings
"Enfamil NeuroPro Ready to Feed Baby Formula Milk, 8 fl. oz. Pack of 4 (24 bottles) Dual Prebiotics for Immune Support, Infant Formula Inspired by Breast Milk, Brain-building DHA & MFGM, Iron, Non-GMO",B006609HYI,$56.96,No,4.8 out of 5 stars,"1,064 ratings"
"Enfamil Gentle Baby Formula Milk Powder, 21.1 ounce (Pack of 4) - Omega 3 DHA, Iron, Immune & Brain Support",B072QYVK8M,$101.96,No,4.7 out of 5 stars,319 ratings
"Enfamil Neuropro Gentease Easy-to-Digest Baby Formula Powder 19.5 oz. (Pack of 6) Reusable Tub, For Easing Gas & Crying Vitamins & Minerals for Immune Support, Inspired by Breast Milk DHA MFGM Iron",B079646ZPM,$133.44,No,4.8 out of 5 stars,"1,221 ratings"
"Similac Pro-Sensitive Non-GMO Infant Formula with Iron, with 2’-FL HMO, for Immune Support, Baby Formula, Powder, 2.18 Lb (Pack of 3) (One-Month Supply)",B075ZXXWC5,$129.86,No,4.7 out of 5 stars,"2,255 ratings"
"Enfamil Enspire Baby Formula with Lactoferrin (found in Colostrum & Breast Milk) Milk Based Powder, 20.5 Ounce Reusable Tub, Dual Prebiotics, Brain Building & Immune Support, DHA, Iron, Non-GMO, MFGM",B01ASIEJPA,$39.98,No,4.7 out of 5 stars,"1,043 ratings"
"Similac pro-sensitive infant Formula With 2’-Fl human milk oligosaccharide* (hmo) for Immune Support, 22.5 Oz",B01KQ9DL9G,$28.12,No,4.7 out of 5 stars,"2,485 ratings"
"Happy Family Baby Organic Infant Formula Milk Based Powder with Iron, Multi Stage, 21 Ounce",B06W52WHMQ,$29.99,No,4.6 out of 5 stars,"1,022 ratings"
"Gerber Nestle Nan 1 Pro Infant Formula Powder, 28.2 Ounce",B08366KL1G,$25.98,yes,4.5 out of 5 stars,97 ratings
"Pedia-Lax Liquid Stool Softener for Kids, Ages 2-11, Berry Flavor, 4 fl oz, 3 Pack",B002ZG8HA2,$20.97,yes,4.4 out of 5 stars,"2,546 ratings"
"New Model with Plugs! Breast Shell & Milk Catcher for Breastfeeding Relief (2 in 1) Protect Cracked, Sore, Engorged Nipples & Collect Breast Milk Leaks During The Day, While Nursing or Pumping",B08LW4G3YM,,yes,4.2 out of 5 stars,"4,124 ratings"
Lictin Breast Shell Breastmilk Collector for Breastfeeding-2 Pcs Silicone Breast Pad Nursing Cup Milk Saver for Nursing Moms Protect Sore Nipples Soft and Reusable with Box,B08K2MTRNW,$16.99,yes,4.5 out of 5 stars,23 ratings
"Enfamil NeuroPro Gentlease Baby Formula Milk Powder For Easing Gas & Crying, Vitamins & Minerals, 30.4 Ounce, (Pack of 4)",B077M9KNM3,$159.88,No,4.9 out of 5 stars,561 ratings
"Earth's Best Organic Dairy Infant Powder Formula with Iron, Omega-3 DHA and Omega-6 ARA, 23.2 oz",B001BM4JLC,$27.54,No,4.6 out of 5 stars,"1,514 ratings"
"Organic Valley Ultra Whole Organic Ultra-Filtered Milk, High Protein Milk, 56 oz Carton",B07RB7KG9D,$5.99,No,4.6 out of 5 stars,638 ratings
"Go & Grow by Similac Toddler Drink with 2’-FL HMO for Immune Support, with 25 Key Nutrients to Help Balance Toddler Nutrition, Non-GMO Milk-Based Powder, 24-Oz Can",B07GPP5MDK,$19.98,No,4.7 out of 5 stars,558 ratings
"Similac Pro-Total Comfort Non-GMO with 2'-FL HMO Infant Formula with Iron, Easy-to-Digest, Gentle Formula, For Immune Support, Baby Formula 36 oz, 3 Count",B07C9K1DGS,$133.95,No,4.7 out of 5 stars,"1,123 ratings"
"Enfamil NeuroPro Baby Formula Milk Powder 20.7 oz (Pack of 6) Reusable Tub, Dual Prebiotics for Immune Support, Infant Formula Inspired by Breast Milk, Brain Building DHA & MFGM, Iron, Non-GMO",B07964CLR5,$167.82,No,4.8 out of 5 stars,939 ratings
New and Improved Baby Brezza Formula Pro Advanced Formula Dispenser Machine - Automatically Mix a Warm Formula Bottle Instantly - Easily Make Bottle with Automatic Powder Blending,B07MYW28QR,$188.64,No,4.6 out of 5 stars,"2,188 ratings"
"Gerber Nestle Nan 1 Pro Infant Formula Powder, 28.2 Ounce",B08366KL1G,$25.98,No,4.5 out of 5 stars,97 ratings
"Enfamil Gentlease Infant Formula - Clinically Proven to reduce fussiness, gas, crying in 24 hours - Value Powder Can, 27.7 oz (Pack of 4)",B077MH1Z5T,$133.96,No,4.8 out of 5 stars,407 ratings
"Enfamil NeuroPro Baby Formula Milk Powder, 14 Single Serve Packets (17.6 Gram Each) - MFGM, Omega 3 DHA, Dual Prebiotics, Iron & Immune Support",B07BRGCRPB,$14.39,No,4.8 out of 5 stars,792 ratings
"Enfamil NeuroPro Ready to Feed Baby Formula Milk, 32 fl. oz. - Dual Prebiotics for Immune Support, Infant Formula Inspired by Breast Milk, Brain-building DHA & MFGM, Iron, Non-GMO",B07BLLXS64,$9.54,No,4.8 out of 5 stars,607 ratings
"Enfamil A2 Premium Infant Formula, Milk-Based Powder with Iron 19.5 oz (Pack of 4)",B086B4NTRV,$139.90,No,4.6 out of 5 stars,65 ratings
"Enfagrow Premium Toddler Nutritional Drink 32 oz. Powder (6 Cans) Prebiotics for Immune Support, DHA for Brain Development, Iron, Non-GMO, Natural Milk Flavor (Former Toddler Next Step) from Enfamil",B01KZ36DAC,$152.88,No,4.5 out of 5 stars,777 ratings
"Enfamil NeuroPro Ready to Feed Baby Formula Milk, 2 fl. oz. ( 24 bottles) - Dual Prebiotics for Immune Support, Infant Formula Inspired by Breast Milk, Brain-building DHA & MFGM, Iron, Non-GMO",B077MH1HGK,,No,4.8 out of 5 stars,"2,432 ratings"
"Nutramigen Hypoallergenic Baby Formula From Enfamil Lactose & Milk Free Powder, 27.8 oz - Omega 3 DHA, Probiotics to Support Digestive Health & Immune System, Iron, Colic Relief (Pack of 4)",B07N1BVM9R,$194.08,No,4.8 out of 5 stars,673 ratings
"NUK Learner Cup, 10 Oz, Hearts",B0835R37LJ,$6.99,No,4.7 out of 5 stars,"17,692 ratings"
"Earth's Best Organic Dairy Infant Powder Formula with Iron, Omega-3 DHA and Omega-6 ARA, 35 Ounce",B01AHZ5JOY,$40.98,No,4.8 out of 5 stars,"1,302 ratings"
"Enfagrow PREMIUM Toddler Transitions Baby Formula Milk Powder, 20 Ounce (Pack of 4), Omega 3 DHA, Iron",B00E9P0XF4,$75.92,No,4.6 out of 5 stars,501 ratings
"Happy Baby Organic Infant Formula Milk Based Powder with Iron, Stage 1, 21 Ounces, 4 Count (Packaging May Vary)",B06Y1G64RT,$119.96,No,4.8 out of 5 stars,239 ratings
"Happy Baby Organic Infant Formula Milk Based Powder with Iron, Stage 2, 21 Ounces, 4 Count (Packaging May Vary)",B06Y198Q84,$107.76,No,4.9 out of 5 stars,196 ratings
"Similac Organic with A2 Milk Infant Formula, 6 Count, Gentle and Easy to Digest, with Key Nutrients for Baby’s First Year, No Palm Olein Oil, Non- GMO Baby Formula Powder, 23.2-oz Each",B08JQSJVCQ,$166.70,No,4.7 out of 5 stars,7 ratings
"Enfamil Gentlease Easy- to-Digest Baby Formula 27.7 oz Can For Easing Gas, Fussiness & Crying in 24 Hours, Gentle Milk Powder, DHA and Choline for Brain Support",B079VPP9MW,$32.44,No,4.8 out of 5 stars,"2,983 ratings"
"Enfamil Gentle Baby Formula Milk Powder, 21.1 ounce - Omega 3 DHA, Iron, Immune & Brain Support",B010OVOPKA,$30.49,No,4.8 out of 5 stars,160 ratings
"Gerber Good Start GentlePro, Prebiotics, Non-GMO Ready to Feed Infant Formula Stage 1, 8.45 Ounces (Pack of 24)",B005JRGJ4A,$52.74,No,4.8 out of 5 stars,483 ratings
"Enfamil Enspire Gentlease Infant Formula with MFGM & Lactoferrin, a Protein found in Colostrum - Powder Tub, 20 oz (Pack of 4)",B07P97ZHYP,$139.90,No,4.8 out of 5 stars,360 ratings
"Enfagrow Gentlease Toddler Transitions Gentle Baby Formula Milk Powder, 20 oz Can - For Easing Gas & Crying, Easy-to_Digest Proteins, Omega 3 DHA, Iron, Vitamins & MInerals",B002IYDXW8,$18.98,No,4.8 out of 5 stars,666 ratings
"Enfamil NeuroPro Baby Formula Milk Powder 31.4 oz Refill Box, Dual Prebiotics for Immune Support, Infant Formula Inspired by Breast Milk, Brain-building DHA & MFGM, Iron, Non-GMO",B07BLM744H,$37.95,No,4.8 out of 5 stars,343 ratings
"Similac Advance Infant Formula with Iron, Powder, 1.45 lb",B00OJ86YVI,$26.99,No,4.8 out of 5 stars,268 ratings
"Amazon Brand - Mama Bear Sensitivity Milk-Based Powder Infant Formula with Iron, 22.5 Ounces",B07RH9Z9BL,$21.99,No,4.5 out of 5 stars,248 ratings
"Enfamil Enspire Gentlease Infant Formula with MFGM & Lactoferrin, a Protein found in Colostrum - Powder Tub, 20 oz",B07P83SR6D,$39.98,No,4.6 out of 5 stars,490 ratings
"Nutramigen Hypoallergenic Baby Formula from Enfamil- Lactose Free Milk Powder, 19.8 ounce - Omega 3 DHA, Probiotics for Digestive Health & Immune System, Iron",B0055QVU6M,$40.49,No,4.6 out of 5 stars,996 ratings
"Gerber Good Start Infant Formula A2 Milk (HMO) Non-GMO Powder Toddler Drink, Stage 3, 20 Ounce",B0835VGJX7,$19.98,No,4.6 out of 5 stars,98 ratings
"Dr. Brown's 100% Silicone Standard-Neck Baby Bottle Handle, Pink",B078FHBHMJ,$6.23,yes,4.6 out of 5 stars,"5,692 ratings"
"Baby Formula Dispenser, Portable Milk Powder Dispenser Snack Storage Container for Travel Bedroom Outdoor … (Green)",B083WJ7QZ4,,yes,4.5 out of 5 stars,248 ratings
TOWOOZ Travel Bottle Warmer Baby Bottle Heat Insulated Cover Milk Bottle Heater Universal Heating Cover USB Charging (Black),B082TL2NM7,$25.99,yes,4.2 out of 5 stars,122 ratings
"I Am Not Just Milk Drunk I'm Tit Faced - Baby Humor - Funny Cute Infant Creeper, One-Piece Baby Bodysuit",B07JJBTTZ2,$10.99,yes,4.5 out of 5 stars,38 ratings
